<?xml version="1.0" encoding="ISO-8859-1"?>
<metadata>
	<idinfo>
		<citation>
			<citeinfo>
				<origin>Mayors Office</origin>
				<pubdate>2008-06-11</pubdate>
				<title Sync="TRUE">religious_bldg</title>
				<geoform Sync="TRUE">vector digital data</geoform>
				<onlink Sync="TRUE">\\balt-apps01-srv\geoshare\geodata\shape\Structure\religious_bldg.shp</onlink>
				<ftname Sync="TRUE">religious_bldg</ftname></citeinfo>
		</citation>
		<descript>
			<abstract>This feature class represents the location of religious buildings within the City of Baltimore.  Personnel in the Mayor's Office track the coming and goings of religious organizations and EGIS recieves updates of the list on an as needed basis.  The listing is currently limited to Christian and Jewish faiths.</abstract>
			<purpose>To use the data for catographic, analytical and planning purposes</purpose>
			<langdata Sync="TRUE">en</langdata></descript>
		<timeperd>
			<timeinfo>
				<sngdate>
					<caldate>2008-06-11</caldate>
				</sngdate>
			</timeinfo>
			<current>ground condition</current>
		</timeperd>
		<status>
			<progress>Complete</progress>
			<update>As needed</update>
		</status>
		<spdom>
			<bounding>
				<westbc Sync="TRUE">-76.711445</westbc>
				<eastbc Sync="TRUE">-76.530334</eastbc>
				<northbc Sync="TRUE">39.371790</northbc>
				<southbc Sync="TRUE">39.223282</southbc>
			</bounding>
			<lboundng><leftbc Sync="TRUE">1394080.930340</leftbc><rightbc Sync="TRUE">1445113.037940</rightbc><bottombc Sync="TRUE">567247.320810</bottombc><topbc Sync="TRUE">621127.391468</topbc></lboundng></spdom>
		<keywords>
			<theme>
				<themekt>NONE</themekt>
				<themekey>Structure</themekey>
			</theme>
			<place>
				<placekey>Baltimore City</placekey>
			</place>
		</keywords>
		<accconst>Contact MOIT Enterprise Geographic Information Services for access constraints.  410-396-4106</accconst>
		<useconst>THE CITY OF  BALTIMORE MAKES NO REPRESENTATIONS NOR WARRANTIES, EITHER EXPRESSED OR IMPLIED, REGARDING THE ACCURACY OF INFORMATION CONTAINED ON THIS MAP OR ITS SUITABILITY FOR ANY PARTICULAR PURPOSE WHATSOEVER.  THE MAP IS SOLD AND/OR PROVIDED "AS IS" AND THE CITY OF BALTIMORE WILL NOT BE LIABLE FOR ITS USE OR MISUSE BY ANY PARTY.</useconst>
		<native Sync="TRUE">Microsoft Windows XP Version 5.1 (Build 2600) Service Pack 3; ESRI ArcCatalog 9.2.5.1450</native>
		<natvform Sync="TRUE">Shapefile</natvform><ptcontac><cntinfo><cntorgp><cntorg>MOIT/EGIS</cntorg></cntorgp><cntvoice>410-369-4106</cntvoice><cntfax>410-625-8707</cntfax><cntemail>samantha.corbin@baltimorecity.gov</cntemail><hours>8:30-4:30PM</hours></cntinfo></ptcontac></idinfo>
	<dataqual>
		<lineage>
			<procstep>
				<procdesc>The location methods used were: (1). Geocoded to the centroid of a parcel (GC_100). (2). Geocoded to the street centerline with 10ft offset (GC_400).

The location types used were: (1).Center of the Parcel (CP). (2). Street event located along street centerline (ST).</procdesc>
			</procstep>
			<procstep>
				<procdesc>Metadata imported.</procdesc>
				<srcused>N:\EGIS\Data_Organization_2007\Docs\EGIS metadata template.sgml</srcused>
			</procstep>
			<procstep>
				<procdesc>Metadata imported.</procdesc>
				<srcused>C:\DOCUME~1\MATT~1.HOG\LOCALS~1\Temp\xml4EA.tmp</srcused>
			</procstep>
			<procstep>
				<procdesc>Metadata imported.</procdesc>
				<srcused>C:\TEMP\xml1BC.tmp</srcused>
			</procstep>
			<procstep><procdesc Sync="TRUE">Metadata imported.</procdesc><srcused Sync="TRUE">C:\DOCUME~1\JEANMA~1.SCO\LOCALS~1\Temp\xml5E0.tmp</srcused><date Sync="TRUE">20080609</date><time Sync="TRUE">14510900</time></procstep><procstep><procdesc Sync="TRUE">Dataset copied.</procdesc><srcused Sync="TRUE">\\Balt-gis01-srv\geodev\Data_Development\structure_gdb\geodatabase\structure_project.mdb</srcused><date Sync="TRUE">20080610</date><time Sync="TRUE">13093500</time></procstep><procstep><procdesc Sync="TRUE">Metadata imported.</procdesc><srcused Sync="TRUE">N:\Data_Development\structure_gdb\structure_pt_religious_bldg.xml</srcused><date Sync="TRUE">20080724</date><time Sync="TRUE">11044500</time></procstep><procstep><procdesc Sync="TRUE">Metadata imported.</procdesc><srcused Sync="TRUE">N:\geomaster\Master_Geodatabases\Metadata\Structure\religious_bldg.xml</srcused><date Sync="TRUE">20080922</date><time Sync="TRUE">12255100</time></procstep></lineage>
	</dataqual>
	<spdoinfo>
		<direct Sync="TRUE">Vector</direct>
		<ptvctinf>
			<sdtsterm Name="religious_bldg">
				<sdtstype Sync="TRUE">Entity point</sdtstype>
				<ptvctcnt Sync="TRUE">0</ptvctcnt>
			</sdtsterm>
			<esriterm Name="religious_bldg"><efeatyp Sync="TRUE">Simple</efeatyp><efeageom Sync="TRUE">Point</efeageom><esritopo Sync="TRUE">FALSE</esritopo><efeacnt Sync="TRUE">0</efeacnt><spindex Sync="TRUE">FALSE</spindex><linrefer Sync="TRUE">FALSE</linrefer></esriterm></ptvctinf>
	</spdoinfo>
	<spref>
		<horizsys>
			<geodetic>
				<horizdn Sync="TRUE">North American Datum of 1983</horizdn>
				<ellips Sync="TRUE">Geodetic Reference System 80</ellips>
				<semiaxis Sync="TRUE">6378137.000000</semiaxis>
				<denflat Sync="TRUE">298.257222</denflat>
			</geodetic>
			<cordsysn><geogcsn Sync="TRUE">GCS_North_American_1983</geogcsn><projcsn Sync="TRUE">NAD_1983_StatePlane_Maryland_FIPS_1900_Feet</projcsn></cordsysn><planar><planci><plance Sync="TRUE">coordinate pair</plance><plandu Sync="TRUE">survey feet</plandu><coordrep><absres Sync="TRUE">0.000000</absres><ordres Sync="TRUE">0.000000</ordres></coordrep></planci><mapproj><mapprojn Sync="TRUE">Lambert Conformal Conic</mapprojn><lambertc><stdparll Sync="TRUE">38.300000</stdparll><stdparll Sync="TRUE">39.450000</stdparll><longcm Sync="TRUE">-77.000000</longcm><latprjo Sync="TRUE">37.666667</latprjo><feast Sync="TRUE">1312333.333333</feast><fnorth Sync="TRUE">0.000000</fnorth></lambertc></mapproj></planar></horizsys>
		<vertdef>
			<altsys>
				<altres Sync="TRUE">0.000100</altres>
				<altenc Sync="TRUE">Explicit elevation coordinate included with horizontal coordinates</altenc>
			</altsys>
		</vertdef>
	</spref>
	<eainfo>
		<detailed Name="religious_bldg">
			<attr><attrlabl Sync="TRUE">CNTCT_DPT</attrlabl><attalias Sync="TRUE">CNTCT_DPT</attalias><attrtype Sync="TRUE">String</attrtype><attwidth Sync="TRUE">50</attwidth><atprecis Sync="TRUE">0</atprecis><attscale Sync="TRUE">0</attscale></attr><attr><attrlabl Sync="TRUE">FID</attrlabl><attalias Sync="TRUE">FID</attalias><attrtype Sync="TRUE">OID</attrtype><attwidth Sync="TRUE">4</attwidth><atprecis Sync="TRUE">0</atprecis><attscale Sync="TRUE">0</attscale><attrdef Sync="TRUE">Internal feature number.</attrdef><attrdefs Sync="TRUE">ESRI</attrdefs><attrdomv><udom Sync="TRUE">Sequential unique whole numbers that are automatically generated.</udom></attrdomv></attr><enttyp>
				<enttypl Sync="TRUE">religious_bldg</enttypl>
				<enttypt Sync="TRUE">Feature Class</enttypt><enttypc Sync="TRUE">0</enttypc></enttyp>
			<attr>
				<attrlabl>NGHBRHD</attrlabl>
				<attrdef>The neighborhood where the feature is located.</attrdef>
				<attrdefs>EGIS</attrdefs>
				<attrtype Sync="TRUE">String</attrtype><attwidth Sync="TRUE">10</attwidth></attr>
			<attr>
				<attrlabl>CNCLDST</attrlabl>
				<attrdef>The council district where the feature is located.</attrdef>
				<attrdefs>EGIS</attrdefs>
				<attrtype Sync="TRUE">String</attrtype><attwidth Sync="TRUE">15</attwidth></attr>
			<attr>
				<attrlabl>SHAPE</attrlabl>
				<attrdef>Feature geometry.</attrdef>
				<attrdefs>ESRI</attrdefs>
				<attrdomv>
					<udom>Coordinates defining the features.</udom>
				</attrdomv>
				<attrtype Sync="TRUE">Number</attrtype><attwidth Sync="TRUE">9</attwidth></attr>
			<attr>
				<attrlabl>GIS_ID</attrlabl>
				<attrdef>A unique ID calculated using the expression [NAICS] &amp; "_" &amp; [OBJECTID]</attrdef>
				<attrdefs>EGIS</attrdefs>
				<attrtype Sync="TRUE">Date</attrtype><attwidth Sync="TRUE">8</attwidth></attr>
			<attr>
				<attrlabl>EDIT_DATE</attrlabl>
				<attrdef>The date the data were edited (expression Now())</attrdef>
				<attrdefs>EGIS</attrdefs>
				<attrtype Sync="TRUE">Number</attrtype><attwidth Sync="TRUE">9</attwidth></attr>
			<attr>
				<attrlabl>FTYPE</attrlabl>
				<attrdef>A text field defining the FCODE value.  Located in the same table as the FCODE, and these values are also stored as domains in the DB.</attrdef>
				<attrdefs>EGIS</attrdefs>
				<attrtype Sync="TRUE">String</attrtype><attwidth Sync="TRUE">50</attwidth></attr>
			<attr><attrlabl Sync="TRUE">USNG</attrlabl><attalias Sync="TRUE">USNG</attalias><attrtype Sync="TRUE">String</attrtype><attwidth Sync="TRUE">5</attwidth><attrdef>U.S. National Grid:  This standard established a nationally consistent grid reference system, just as all street maps use a common set of street names.  USNG provides a seamless plane coordinate system across jurisdictional boundaries and map scales; it enables precise position referencing with GPS, web map portals and hardcopy maps.  The values found in this field locate the corresponding feature to 1m square area using USNG coordinates.</attrdef><attrdefs>Federal Geographic Data Committee</attrdefs></attr><attr>
				<attrlabl>SUBTYPE</attrlabl>
				<attrdef>
"Differentiates between structure types in a single feature class.  for example, 
hospital.shp SUBTYPE = HOSP or SUBTYPE = NAHOSP"
</attrdef>
				<attrdefs>EGIS</attrdefs>
				<attrtype Sync="TRUE">String</attrtype><attwidth Sync="TRUE">6</attwidth></attr>
			<attr>
				<attrlabl>LOC_TYPE</attrlabl>
				<attrdef>The code that represents the place for which geographic coordinates were established.</attrdef>
				<attrdefs>EGIS</attrdefs>
				<attrtype Sync="TRUE">String</attrtype><attwidth Sync="TRUE">15</attwidth></attr>
			<attr>
				<attrlabl>LOC_METH</attrlabl>
				<attrdef>The code that represents the method used to determine the coordinates for a point on the earth.</attrdef>
				<attrdefs>EGIS</attrdefs>
				<attrtype Sync="TRUE">String</attrtype><attwidth Sync="TRUE">15</attwidth></attr>
			<attr>
				<attrlabl>ADDRESS</attrlabl>
				<attrdef>Street Number-direction prefix-street name-street type</attrdef>
				<attrdefs>EGIS</attrdefs>
				<attrtype Sync="TRUE">String</attrtype><attwidth Sync="TRUE">50</attwidth></attr>
			<attr>
				<attrlabl>PRCL_PIN</attrlabl>
				<attrdef>Parcel Identification Number</attrdef>
				<attrdefs>City Real Property System</attrdefs>
				<attrtype Sync="TRUE">String</attrtype><attwidth Sync="TRUE">25</attwidth></attr>
			<attr>
				<attrlabl>CITY</attrlabl>
				<attrdef>The city where the feature is located.</attrdef>
				<attrdefs>EGIS</attrdefs>
				<attrtype Sync="TRUE">String</attrtype><attwidth Sync="TRUE">2</attwidth></attr>
			<attr>
				<attrlabl>STATE</attrlabl>
				<attrtype Sync="TRUE">String</attrtype><attwidth Sync="TRUE">10</attwidth></attr>
			<attr>
				<attrlabl>ZIPCODE</attrlabl>
				<attrtype Sync="TRUE">Float</attrtype><attwidth Sync="TRUE">19</attwidth><atnumdec Sync="TRUE">11</atnumdec></attr>
			<attr>
				<attrlabl>X_COORD</attrlabl>
				<attrtype Sync="TRUE">Float</attrtype><attwidth Sync="TRUE">19</attwidth><atnumdec Sync="TRUE">11</atnumdec></attr>
			<attr>
				<attrlabl>Y_COORD</attrlabl>
				<attrtype Sync="TRUE">String</attrtype><attwidth Sync="TRUE">100</attwidth></attr>
			<attr>
				<attrlabl>NAME</attrlabl>
				<attrdef>Name of the feature.</attrdef>
				<attrdefs>EGIS</attrdefs>
				<attrtype Sync="TRUE">String</attrtype><attwidth Sync="TRUE">100</attwidth></attr>
			<attr>
				<attrlabl>ALIAS1</attrlabl>
				<attrdef>Alternate Name 1.</attrdef>
				<attrdefs>EGIS</attrdefs>
				<attrtype Sync="TRUE">String</attrtype><attwidth Sync="TRUE">40</attwidth></attr>
			<attr><attrlabl Sync="TRUE">SRCID_T</attrlabl><attalias Sync="TRUE">SRCID_T</attalias><attrtype Sync="TRUE">String</attrtype><attwidth Sync="TRUE">2</attwidth></attr><attr><attrlabl Sync="TRUE">SRCID_I</attrlabl><attalias Sync="TRUE">SRCID_I</attalias><attrtype Sync="TRUE">String</attrtype><attwidth Sync="TRUE">18</attwidth></attr><attr><attrlabl Sync="TRUE">STREET_TAG</attrlabl><attalias Sync="TRUE">STREET_TAG</attalias><attrtype Sync="TRUE">String</attrtype><attwidth Sync="TRUE">15</attwidth></attr><attr><attrlabl Sync="TRUE">STFID_BLK</attrlabl><attalias Sync="TRUE">STFID_BLK</attalias><attrtype Sync="TRUE">Number</attrtype><attwidth Sync="TRUE">9</attwidth></attr><attr><attrlabl Sync="TRUE">PLCDST_NO</attrlabl><attalias Sync="TRUE">PLCDST_NO</attalias><attrtype Sync="TRUE">String</attrtype><attwidth Sync="TRUE">15</attwidth></attr><attr><attrlabl Sync="TRUE">PLCDST</attrlabl><attalias Sync="TRUE">PLCDST</attalias><attrtype Sync="TRUE">String</attrtype><attwidth Sync="TRUE">50</attwidth></attr><attr><attrlabl Sync="TRUE">CNTCT_NME</attrlabl><attalias Sync="TRUE">CNTCT_NME</attalias><attrtype Sync="TRUE">String</attrtype><attwidth Sync="TRUE">15</attwidth></attr><attr><attrlabl Sync="TRUE">CNTCT_PHN</attrlabl><attalias Sync="TRUE">CNTCT_PHN</attalias><attrtype Sync="TRUE">String</attrtype><attwidth Sync="TRUE">50</attwidth></attr><attr><attrlabl Sync="TRUE">Shape</attrlabl><attalias Sync="TRUE">Shape</attalias><attrtype Sync="TRUE">Geometry</attrtype><attwidth Sync="TRUE">0</attwidth><atprecis Sync="TRUE">0</atprecis><attscale Sync="TRUE">0</attscale><attrdef Sync="TRUE">Feature geometry.</attrdef><attrdefs Sync="TRUE">ESRI</attrdefs><attrdomv><udom Sync="TRUE">Coordinates defining the features.</udom></attrdomv></attr></detailed>
	</eainfo>
	<distinfo>
		<distrib>
			<cntinfo>
				<cntorgp>
					<cntorg>EGIS</cntorg>
				</cntorgp>
				<cntvoice>410 396 4106</cntvoice>
				<cntfax>410 625 8707</cntfax>
				<cntemail>bill.ballard@baltimorecity.gov</cntemail>
			</cntinfo>
		</distrib>
		<resdesc>Downloadable Data</resdesc>
		<stdorder>
			<digform>
				<digtinfo>
					<transize>0.000</transize>
					<dssize Sync="TRUE">0.000</dssize></digtinfo>
			</digform>
		</stdorder>
	</distinfo>
	<metainfo>
		<metd Sync="TRUE">20080923</metd>
		<metc>
			<cntinfo>
				<cntorgp>
					<cntorg>REQUIRED: The organization responsible for the metadata information.</cntorg>
					<cntper>REQUIRED: The person responsible for the metadata information.</cntper>
				</cntorgp>
				<cntaddr>
					<addrtype>REQUIRED: The mailing and/or physical address for the organization or individual.</addrtype>
					<city>REQUIRED: The city of the address.</city>
					<state>REQUIRED: The state or province of the address.</state>
					<postal>REQUIRED: The ZIP or other postal code of the address.</postal>
				</cntaddr>
				<cntvoice>REQUIRED: The telephone number by which individuals can speak to the organization or individual.</cntvoice>
			</cntinfo>
		</metc>
		<metstdn Sync="TRUE">FGDC Content Standards for Digital Geospatial Metadata</metstdn>
		<metstdv Sync="TRUE">FGDC-STD-001-1998</metstdv>
		<mettc Sync="TRUE">local time</mettc>
		<metextns>
			<onlink>http://www.esri.com/metadata/esriprof80.html</onlink>
			<metprof>ESRI Metadata Profile</metprof>
		</metextns>
		<metextns>
			<onlink>http://www.esri.com/metadata/esriprof80.html</onlink>
			<metprof>ESRI Metadata Profile</metprof>
		</metextns>
		<metextns>
			<onlink>http://www.esri.com/metadata/esriprof80.html</onlink>
			<metprof>ESRI Metadata Profile</metprof>
		</metextns>
		<metextns>
			<onlink>http://www.esri.com/metadata/esriprof80.html</onlink>
			<metprof>ESRI Metadata Profile</metprof>
		</metextns>
		<langmeta Sync="TRUE">en</langmeta><metextns><onlink Sync="TRUE">http://www.esri.com/metadata/esriprof80.html</onlink><metprof Sync="TRUE">ESRI Metadata Profile</metprof></metextns></metainfo>
	<Esri><CreaDate>20080922</CreaDate><CreaTime>12255100</CreaTime><SyncOnce>FALSE</SyncOnce><SyncDate>20080923</SyncDate><SyncTime>16295300</SyncTime><ModDate>20080923</ModDate><ModTime>16295300</ModTime><DataProperties><lineage><Process ToolSource="C:\Program Files\ArcGIS\ArcToolbox\Toolboxes\Data Management Tools.tbx\CopyFeatures" Date="20080728" Time="161657">CopyFeatures N:\Data_Development\structure_gdb\geodatabase\structure_pt.mdb\religious_bldg N:\geomaster\Master_Geodatabases\EGIS_Master_GDB.gdb\Structure\religious_bldg # 0 0 0</Process><Process ToolSource="C:\Program Files\ArcGIS\ArcToolbox\Toolboxes\Data Management Tools.tbx\CopyFeatures" Date="20080923" Time="162959">CopyFeatures N:\Data_Development\Geodatabase_Design\structure_gdb\Migration\geodatabase\structure_pt.mdb\religious_bldg M:\geodata\shape\Structure\religious_bldg.shp # 0 0 0</Process></lineage></DataProperties><MetaID>{C8980C21-C6E4-4443-8FFA-790E657B958C}</MetaID></Esri><dataIdInfo><envirDesc Sync="TRUE">Microsoft Windows XP Version 5.1 (Build 2600) Service Pack 3; ESRI ArcCatalog 9.2.5.1450</envirDesc><dataLang><languageCode Sync="TRUE" value="en"></languageCode></dataLang><idCitation><resTitle Sync="TRUE">religious_bldg</resTitle><presForm><PresFormCd Sync="TRUE" value="005"></PresFormCd></presForm></idCitation><spatRpType><SpatRepTypCd Sync="TRUE" value="001"></SpatRepTypCd></spatRpType><dataExt><geoEle><GeoBndBox esriExtentType="native"><westBL Sync="TRUE">1394080.93034</westBL><eastBL Sync="TRUE">1445113.03794</eastBL><northBL Sync="TRUE">621127.391468</northBL><southBL Sync="TRUE">567247.32081</southBL><exTypeCode Sync="TRUE">1</exTypeCode></GeoBndBox></geoEle></dataExt><geoBox esriExtentType="decdegrees"><westBL Sync="TRUE">-76.711445</westBL><eastBL Sync="TRUE">-76.530334</eastBL><northBL Sync="TRUE">39.37179</northBL><southBL Sync="TRUE">39.223282</southBL><exTypeCode Sync="TRUE">1</exTypeCode></geoBox></dataIdInfo><mdLang><languageCode Sync="TRUE" value="en"></languageCode></mdLang><mdStanName Sync="TRUE">ISO 19115 Geographic Information - Metadata</mdStanName><mdStanVer Sync="TRUE">DIS_ESRI1.0</mdStanVer><mdChar><CharSetCd Sync="TRUE" value="004"></CharSetCd></mdChar><mdHrLv><ScopeCd Sync="TRUE" value="005"></ScopeCd></mdHrLv><mdHrLvName Sync="TRUE">dataset</mdHrLvName><distInfo><distributor><distorTran><onLineSrc><orDesc Sync="TRUE">002</orDesc><linkage Sync="TRUE">file://\\balt-apps01-srv\geoshare\geodata\shape\Structure\religious_bldg.shp</linkage><protocol Sync="TRUE">Local Area Network</protocol></onLineSrc><transSize Sync="TRUE">0.000</transSize></distorTran><distorFormat><formatName Sync="TRUE">Shapefile</formatName></distorFormat></distributor></distInfo><refSysInfo><RefSystem><refSysID><identCode Sync="TRUE">NAD_1983_StatePlane_Maryland_FIPS_1900_Feet</identCode></refSysID></RefSystem></refSysInfo><spatRepInfo><VectSpatRep><topLvl><TopoLevCd Sync="TRUE" value="001"></TopoLevCd></topLvl><geometObjs Name="religious_bldg"><geoObjTyp><GeoObjTypCd Sync="TRUE" value="004"></GeoObjTypCd></geoObjTyp><geoObjCnt Sync="TRUE">0</geoObjCnt></geometObjs></VectSpatRep></spatRepInfo><mdDateSt Sync="TRUE">20080923</mdDateSt></metadata>
